1,FAMILIAR
2,FAMILIAR
3,CIVIL
4,FAMILIAR
5,FAMILIAR
6,FAMILIAR
7,FAMILIAR
8,MERCANTIL
9,PENAL
10,FAMILIAR
11,FAMILIAR
12,MERCANTIL
13,CIVIL
14,FAMILIAR
15,MERCANTIL
16,FAMILIAR
17,FAMILIAR
18,FAMILIAR
19,FAMILIAR
20,FAMILIAR
21,MERCANTIL
22,FAMILIAR
23,FAMILIAR
24,CIVIL
25,FAMILIAR
26,FAMILIAR
27,FAMILIAR
28,MERCANTIL
29,CIVIL
30,FAMILIAR
31,FAMILIAR
32,MIXTO
33,FAMILIAR
34,CIVIL
35,FAMILIAR
36,FAMILIAR
37,FAMILIAR
38,CIVIL
39,CIVIL
40,CIVIL
41,CIVIL
42,FAMILIAR
43,CIVIL
44,CIVIL
45,CIVIL
46,CIVIL
47,CIVIL
48,CIVIL
49,FAMILIAR
50,FAMILIAR
51,FAMILIAR
52,FAMILIAR
53,FAMILIAR
54,FAMILIAR
55,CIVIL
56,FAMILIAR
57,FAMILIAR
58,PENAL
59,PENAL
60,MERCANTIL
61,CIVIL
62,FAMILIAR
63,FAMILIAR
64,CIVIL
65,CIVIL
66,MERCANTIL
67,CIVIL
68,MERCANTIL
69,CIVIL
70,PENAL
71,PENAL
72,PENAL
73,CIVIL
74,FAMILIAR
75,PENAL
76,CIVIL
77,FAMILIAR
78,FAMILIAR
79,FAMILIAR
80,MERCANTIL
81,FAMILIAR
82,FAMILIAR
83,FAMILIAR
84,CIVIL
85,AGRARIO
86,MERCANTIL
87,FAMILIAR
88,FAMILIAR
89,FAMILIAR
90,FAMILIAR
91,FAMILIAR
92,CIVIL
93,CIVIL
94,CIVIL
95,CIVIL
96,CIVIL
97,CIVIL
98,FAMILIAR
99,FAMILIAR
100,FAMILIAR
101,FAMILIAR
102,FAMILIAR
103,CIVIL
104,FAMILIAR
105,CIVIL
106,FAMILIAR
107,FAMILIAR
108,FAMILIAR
109,FAMILIAR
110,FAMILIAR
111,MERCANTIL
112,MERCANTIL
113,MERCANTIL
114,MERCANTIL
115,FAMILIAR
116,PENAL
117,CIVIL
118,CIVIL
119,MIXTO
120,FAMILIAR
121,MERCANTIL
122,FAMILIAR
123,CIVIL
124,FAMILIAR
125,FAMILIAR
126,FAMILIAR
127,CIVIL
128,FAMILIAR
129,FAMILIAR
130,CIVIL
131,FAMILIAR
132,FAMILIAR
133,CIVIL
134,MIXTO
135,FAMILIAR
136,MERCANTIL
137,CIVIL
138,CIVIL
139,FAMILIAR
140,CIVIL
141,FAMILIAR
142,CIVIL
143,FAMILIAR
144,FAMILIAR
145,MIXTO
146,CIVIL
147,FAMILIAR
148,CIVIL
149,FAMILIAR
150,FAMILIAR
151,FAMILIAR
152,FAMILIAR
153,MIXTO
154,MIXTO
155,FAMILIAR
156,FAMILIAR
157,CIVIL
158,FAMILIAR
159,FAMILIAR
160,FAMILIAR
161,FAMILIAR
162,CIVIL
163,FAMILIAR
164,CIVIL
165,FAMILIAR
166,FAMILIAR
167,CIVIL
168,MECANTIL
169,FAMILIAR
170,FAMILIAR
171,MERCANTIL
172,PENAL
173,FAMILIAR
174,CIVIL
175,FAMILIAR
176,FAMILIAR
177,FAMILIAR
178,FAMILIAR
179,CIVIL
180,CIVIL
181,CIVIL
182,CIVIL
183,PENAL
184,FAMILIAR
185,MIXTO
186,FAMILIAR
187,CIVIL
188,FAMILIAR
189,FAMILIAR
190,CIVIL
191,FAMILIAR
192,FAMILIAR
193,CIVIL
194,FAMILIAR
195,FAMILIAR
196,FAMILIAR
197,CIVIL
198,MERCANTIL
199,FAMILIAR
200,CIVIL
201,FAMILIAR
202,CIVIL
203,FAMILIAR
204,CIVIL
205,MERCANTIL
206,MERCANTIL
207,MERCANTIL
208,MERCANTIL
209,FAMILIAR
210,FAMILIAR
211,FAMILIAR
212,FAMILIAR
213,PENAL
214,FAMILIAR
215,CIVIL
216,FAMILIAR
217,CIVIL
218,MIXTO
219,MERCANTIL
220,CIVIL
221,FAMILIAR
222,CIVIL
223,LABORAL
224,CIVIL
225,FAMILIAR
226,FAMILIAR
227,FAMILIAR
228,CIVIL
229,CIVIL
230,FAMILIAR
231,CIVIL
232,FAMILIAR
233,FAMILIAR
234,FAMILIAR
235,FAMILIAR
236,FAMILIAR
237,FAMILIAR
238,CIVIL
239,FAMILIAR
240,FAMILIAR
241,FAMILIAR
242,FAMILIAR
243,FAMILIAR
244,CIVIL
245,FAMILIAR
246,MIXTO
247,FAMILIAR
248,CIVIL
249,CIVIL
250,FAMILIAR
251,FAMILIAR
252,FAMILIAR
253,CIVIL
254,CIVIL
255,MIXTO
256,FAMILIAR
257,CIVIL
258,FAMILIAR
259,FAMILIAR
260,FAMILIAR
261,CIVIL
262,FAMILIAR
263,FAMILIAR
264,FAMILIAR
265,FAMILIAR
266,FAMILIAR
267,FAMILIAR
268,FAMILIAR
269,FAMILIAR
270,FAMILIAR
271,CIVIL
272,FAMILIAR
273,CIVIL
274,FAMILIAR
275,FAMILIAR
276,FAMILIAR
277,FAMILIAR
278,FAMILIAR
279,FAMILIAR
280,FAMILIAR
281,MERCANTIL
282,FAMILIAR
283,FAMILIAR
284,CIVIL
285,FAMILIAR
286,FAMILIAR
287,FAMILIAR
288,CIVIL
289,CIVIL
290,CIVIL
291,FAMILIAR
292,CIVIL
293,FAMILIAR
294,FAMILIAR
295,FAMILIAR
296,CIVIL
297,CIVIL
298,FAMILIAR
299,FAMILIAR
300,FAMILIAR
301,MIXTO
302,FAMILIAR
303,MIXTO
304,CIVIL
305,FAMILIAR
306,FAMILIAR
307,CIVIL
308,FAMILIAR
309,MERCANTIL
310,MERCANTIL
311,CIVIL
312,FAMILIAR
313,CIVIL
314,FAMILIAR
315,FAMILIAR
316,FAMILIAR
317,FAMILIAR
318,FAMILIAR
319,FAMILIAR
320,CIVIL
321,FAMILIAR
322,MERCANTIL
323,FAMILIAR
324,CIVIL
325,CIVIL
326,CIVIL
327,CIVIL
328,FAMILIAR
329,CIVIL
330,FAMILIAR
331,FAMILIAR
332,FAMILIAR
333,FAMILIAR
334,FAMILIAR
335,CIVIL
336,CIVIL
337,CIVIL
338,CIVIL
339,CIVIL
340,FAMILIAR
341,FAMILIAR
342,FAMILIAR
343,FAMILIAR
344,CIVIL
345,CIVIL
346,PENAL
347,CIVIL
348,FAMILIAR
349,CIVIL
350,CIVIL
351,FAMILIAR
352,FAMILIAR
353,CIVIL
354,FAMILIAR
355,FAMILIAR
356,CIVIL
357,CIVIL
358,CIVIL
359,FAMILIAR
360,FAMILIAR
361,CIVIL
362,CIVIL
363,FAMILIAR
364,FAMILIAR
365,FAMILIAR
366,FAMILIAR
367,CIVIL
368,FAMILIAR
369,MERCANTIL
370,FAMILIAR
371,CIVIL
372,FAMILIAR
373,FAMILIAR
374,FAMILIAR
375,FAMILIAR
376,FAMILIAR
377,FAMILIAR
378,MERCANTIL
379,MIXTO
380,FAMILIAR
381,FAMILIAR
382,CIVIL
383,CIVIL
384,FAMILIAR
385,CIVIL
386,MIXTO
387,CIVIL
388,Penal
389,MIXTO
390,MIXTO
391,FAMILIAR
392,FAMILIAR
393,Civil
394,FAMILIAR
395,FAMILIAR
396,FAMILIAR
397,FAMILIAR
398,Civil
399,CIVIL
400,FAMILIAR
401,CIVIL
402,FAMILIAR
403,FAMILIAR
404,CIVIL
405,CIVIL
406,MIXTO
407,FAMILIAR
408,FAMILIAR
409,FAMILIAR
410,FAMILIAR
411,CIVIL
412,FAMILIAR
413,MERCANTIL
414,CIVIL
415,FAMILIAR
416,MERCANTIL
417,CIVIL
418,FAMILIAR
419,FAMILIAR
420,FAMILIAR
421,FAMILIAR
422,CIVIL
423,FAMILIAR
424,CIVIL
425,FAMILIAR
426,CIVIL
427,CIVIL
428,CIVIL
429,FAMILIAR
430,CIVIL
431,FAMILIAR
432,FAMILIAR
433,FAMILIAR
434,FAMILIAR
435,FAMILIAR
436,FAMILIAR
437,CIVIL
438,CIVIL
439,CIVIL
440,FAMILIAR
441,FAMILIAR
442,FAMILIAR
443,CIVIL
444,CIVIL
445,CIVIL
446,CIVIL
447,CIVIL
448,FAMILIAR
449,FAMILIAR
450,MERCANTIL
451,FAMILIAR
452,FAMILIAR
453,FAMILIAR
454,FAMILIAR
455,FAMILIAR
456,CIVIL
457,MERCANTIL
458,MERCANTIL
459,FAMILIAR
460,FAMILIAR
461,MERCANTIL
462,MERCANTIL
463,FAMILIAR
464,FAMILIAR
465,FAMILIAR
466,FAMILIAR
467,FAMILIAR
468,MERCANTIL
469,CIVIL
470,FAMILIAR
471,FAMILIAR
472,FAMILIAR
473,FAMILIAR
474,FAMILIAR
475,FAMILIAR
476,FAMILIAR
477,MERCANTIL
478,FAMILIAR
479,CIVIL
480,CIVIL
481,FAMILIAR
482,PENAL
483,FAMILIAR
484,FAMILIAR
485,MERCANTIL
486,CIVIL
487,CIVIL
488,FAMILIAR
489,PENAL
490,MIXTO
491,FAMILIAR
492,CIVIL
493,FAMILIAR
494,CIVIL
495,CIVIL
496,CIVIL
497,CIVIL
498,PENAL
499,FAMILIAR
500,FAMILIAR
501,FAMILIAR
502,FAMILIAR
503,MIXTO
504,CIVIL
505,FAMILIAR
506,CIVIL
507,CIVIL
508,PENAL
509,FAMILIAR
510,FAMILIAR
511,FAMILIAR
512,MIXTO
513,FAMILIAR
514,CIVIL
515,CIVIL
516,CIVIL
517,FAMILIAR
518,FAMILIAR
519,MIXTO
520,FAMILIAR
521,FAMILIAR
522,CIVIL
523,CIVIL
524,CIVIL
525,FAMILIAR
526,CIVIL
527,CIVIL
528,CIVIL
529,FAMILIAR
530,MERCANTIL
531,CIVIL
532,FAMILIAR
533,CIVIL
534,CIVIL
535,CIVIL
536,FAMILIAR
537,CIVIL
538,FAMILIAR
539,CIVIL
540,CIVIL
541,MIXTO
542,CIVIL
543,FAMILIAR
544,CIVIL
545,FAMILIAR
546,FAMILIAR
547,MERCANTIL
548,FAMILIAR
549,FAMILIAR
550,MIXTO
551,MERCANTIL
552,MERCANTIL
553,MERCANTIL
554,MERCANTIL
555,MERCANTIL
556,MERCANTIL
557,MERCANTIL
558,MERCANTIL
559,FAMILIAR
560,MERCANTIL
561,MERCANTIL
562,FAMILIAR
563,CIVIL
564,FAMILIAR
565,FAMILIAR
566,FAMILIAR
567,CIVIL
568,CIVIL
569,FAMILIAR
570,FAMILIAR
571,FAMILIAR
572,FAMILIAR
573,FAMILIAR
574,FAMILIAR
575,FAMILIAR
576,FAMILIAR
577,FAMILIAR
578,FAMILIAR
579,FAMILIAR
580,MIXTO
581,MIXTO
582,FAMILIAR
583,FAMILIAR
584,FAMILIAR
585,MIXTO
586,FAMILIAR
587,FAMILIAR
588,FAMILIAR
589,FAMILIAR
590,FAMILIAR
591,FAMILIAR
592,CIVIL
593,FAMILIAR
594,MERCANTIL
595,FAMILIAR
596,CIVIL
597,FAMILIAR
598,FAMILIAR
599,FAMILIAR
600,CIVIL
601,FAMILIAR
602,CIVIL
603,FAMILIAR
604,FAMILIAR
605,FAMILIAR
606,FAMILIAR
607,FAMILIAR
608,FAMILIAR
609,FAMILIAR
610,FAMILIAR
611,FAMILIAR
612,FAMILIAR
613,FAMILIAR
614,CIVIL
615,FAMILIAR
616,FAMILIAR
617,CIVIL
618,FAMILIAR
619,FAMILIAR
620,FAMILIAR
621,PENAL
622,PENAL
623,FAMILIAR
624,FAMILIAR
625,FAMILIAR
626,FAMILIAR
627,CIVIL
628,FAMILIAR
629,FAMILIAR
630,FAMILIAR
631,FAMILIAR
632,FAMILIAR
633,FAMILIAR
634,CIVIL
635,FAMILIAR
636,FAMILIAR
637,FAMILIAR
638,FAMILIAR
639,CIVIL
640,FAMILIAR
641,FAMILIAR
642,FAMILIAR
643,FAMILIAR
644,FAMILIAR
645,CIVIL
646,FAMILIAR
647,FAMILIAR
648,FAMILIAR
649,FAMILIAR
650,FAMILIAR
651,CIVIL
652,FAMILIAR
653,FAMILIAR
654,MIXTO
655,FAMILIAR
656,CIVIL
657,CIVIL
658,MERCANTIL
659,MERCANTIL
660,MERCANTIL
661,MERCANTIL
662,MERCANTIL
663,FAMILIAR
664,FAMILIAR
665,FAMILIAR
666,FAMILIAR
667,FAMILIAR
668,FAMILIAR
669,CIVIL
670,FAMILIAR
671,CIVIL
672,FAMILIAR
673,FAMILIAR
674,FAMILIAR
675,PENAL
676,FAMILIAR
677,FAMILIAR
678,CIVIL
679,MERCANTIL
680,FAMILIAR
681,FAMILIAR
682,FAMILIAR
683,CIVIL
684,FAMILIAR
685,FAMILIAR
686,CIVIL
687,CIVIL
688,CIVIL
689,FAMILIAR
690,FAMILIAR
691,FAMILIAR
692,MERCANTIL
693,CIVIL
694,CIVIL
695,CIVIL
696,FAMILIAR
697,FAMILIAR
698,FAMILIAR
699,MERCANTIL
700,FAMILIAR
701,MERCANTIL
702,MERCANTIL
703,MERCANTIL
704,MERCANTIL
705,MERCANTIL
706,FAMILIAR
707,CIVIL
708,FAMILIAR
709,FAMILIAR
710,FAMILIAR
711,FAMILIAR
712,FAMILIAR
713,CIVIL
714,FAMILIAR
715,CIVIL
716,CIVIL
717,FAMILIAR
718,FAMILIAR
719,FAMILIAR
720,FAMILIAR
721,FAMILIAR
722,CIVIL
723,FAMILIAR
724,FAMILIAR
725,FAMILIAR
726,CIVIL
727,CIVIL
728,FAMILIAR
729,CIVIL
730,FAMILIAR
731,FAMILIAR
732,FAMILIAR
733,CIVIL
734,FAMILIAR
735,FAMILIAR
736,FAMILIAR
737,PENAL
738,CIVIL
739,FAMILIAR
740,FAMILIAR
741,CIVIL
742,CIVIL
743,MIXTO
744,FAMILIAR
745,MIXTO
746,FAMILIAR
747,CIVIL
748,FAMILIAR
749,FAMILIAR
750,FAMILIAR
751,FAMILIAR
752,CIVIL
753,FAMILIAR
754,MERCANTIL
755,MERCANTIL
756,MIXTO
757,CIVIL
758,FAMILIAR
759,CIVIL
760,CIVIL
761,MERCANTIL
762,FAMILIAR
763,CIVIL
764,CIVIL
765,FAMILIAR
766,FAMILIAR
767,FAMILIAR
768,FAMILIAR
769,FAMILIAR
770,MERCANTIL
771,MERCANTIL
772,CIVIL
773,MERCANTIL
774,MERCANTIL
775,MERCANTIL
776,CIVIL
777,FAMILIAR
778,MERCANTIL
779,FAMILIAR
780,PENAL
781,FAMILIAR
782,CIVIL
783,PENAL
784,MERCANTIL
785,FAMILIAR
786,FAMILIAR
787,FAMILIAR
788,MIXTO
789,FAMILIAR
790,MERCANTIL
791,FAMILIAR
792,FAMILIAR
793,FAMILIAR
794,CIVIL
795,CIVIL
796,PENAL
797,CIVIL
798,FAMILIAR
799,FAMILIAR
800,CIVIL
801,CIVIL
802,FAMILIAR
803,MERCANTIL
804,FAMILIAR
805,MERCANTIL
806,FAMILIAR
807,FAMILIAR
808,CIVIL
809,MERCANTIL
810,FAMILIAR
811,FAMILIAR
812,FAMILIAR
813,PENAL
814,FAMILIAR
815,FAMILIAR
816,CIVIL
817,CIVIL
818,CIVIL
819,FAMILIAR
820,FAMILIAR
821,FAMILIAR
822,FAMILIAR
823,FAMILIAR
824,CIVIL
825,FAMILIAR
826,CIVIL
827,FAMILIAR
828,FAMILIAR
829,MERCANTIL
830,FAMILIAR
831,CIVIL
832,FAMILIAR
833,CIVIL
834,CIVIL
835,CIVIL
836,FAMILIAR
837,MERCANTIL
838,CIVIL
839,CIVIL
840,FAMILIAR
841,FAMILIAR
842,CIVIL
843,FAMILIAR
844,FAMILIAR
845,FAMILIAR
846,CIVIL
847,CIVIL
848,CIVIL
849,FAMILIAR
850,FAMILIAR
851,FAMILIAR
852,FAMILIAR
853,FAMILIAR
854,CIVIL
855,FAMILIAR
856,CIVIL
857,FAMILIAR
858,MIXTO
859,FAMILIAR
860,FAMILIAR
861,CIVIL
862,MERCANTIL
863,CIVIL
864,FAMILIAR
865,CIVIL
866,CIVIL
867,FAMILIAR
868,CIVIL
869,FAMILIAR
870,FAMILIAR
871,FAMILIAR
872,FAMILIAR
873,PENAL
874,PENAL
875,FAMILIAR
876,CIVIL
877,MIXTO
878,FAMILIAR
879,FAMILIAR
880,FAMILIAR
881,FAMILIAR
882,FAMILIAR
883,PENAL
884,CIVIL
885,FAMILIAR
886,FAMILIAR
887,FAMILIAR
888,PENAL
889,FAMILIAR
890,CIVIL
891,FAMILIAR
892,MERCANTIL
893,MIXTO
894,FAMILIAR
895,CIVIL
896,CIVIL
897,FAMILIAR
898,CIVIL
899,CIVIL
900,FAMILIAR
901,FAMILIAR
902,MIXTO
903,CIVIL
904,FAMILIAR
905,MERCANTIL
906,FAMILIAR
907,FAMILIAR
908,PENAL
909,FAMILIAR
910,CIVIL
911,FAMILIAR
912,PENAL
913,MERCANTIL
914,FAMILIAR
915,FAMILIAR
916,FAMILIAR
917,FAMILIAR
918,CIVIL
919,FAMILIAR
920,FAMILIAR
921,FAMILIAR
922,FAMILIAR
923,PENAL
924,FAMILIAR
925,CIVIL
926,CIVIL
927,FAMILIAR
928,FAMILIAR
929,FAMILIAR
930,FAMILIAR
931,MERCANTIL
932,FAMILIAR
933,FAMILIAR
934,FAMILIAR
935,CIVIL
936,CIVIL
937,FAMILIAR
938,CIVIL
939,MERCANTIL
940,FAMILIAR
941,FAMILIAR
942,FAMILIAR
943,FAMILIAR
944,CIVIL
945,MIXTO
946,MERCANTIL
947,PENAL
948,PENAL
949,FAMILIAR
950,FAMILIAR
951,FAMILIAR
952,MERCANTIL
953,MERCANTIL
954,MERCANTIL
955,FAMILIAR
956,FAMILIAR
957,FAMILIAR
958,CIVIL
959,FAMILIAR
960,FAMILIAR
961,FAMILIAR
962,FAMILIAR
963,FAMILIAR
964,CIVIL
965,FAMILIAR
966,FAMILIAR
967,FAMILIAR
968,FAMILIAR
969,FAMILIAR
970,CIVIL
971,FAMILIAR
972,FAMILIAR
973,CIVIL
974,CIVIL
975,FAMILIAR
976,FAMILIAR
977,PENAL
978,FAMILIAR
979,FAMILIAR
980,CIVIL
981,MERCANTIL
982,FAMILIAR
983,FAMILIAR
984,FAMILIAR
985,FAMILIAR
986,FAMILIAR
987,CIVIL
988,FAMILIAR
989,CIVIL
990,FAMILIAR
991,CIVIL
992,FAMILIAR
993,PENAL
994,MERCANTIL
995,FAMILIAR
996,FAMILIAR
997,CIVIL
998,CIVIL
999,PENAL
1000,FAMILIAR
1001,FAMILIAR
1002,CIVIL
1003,FAMILIAR
1004,FAMILIAR
1005,CIVIL
1006,CIVIL
1007,CIVIL
1008,CIVIL
1009,CIVIL
1010,FAMILIAR
1011,FAMILIAR
1012,FAMILIAR
1013,FAMILIAR
1014,MERCANTIL
1015,FAMILIAR
1016,FAMILIAR
1017,FAMILIAR
1018,CIVIL
1019,CIVIL
1020,FAMILIAR
1021,MERCANTIL
1022,FAMILIAR
1023,CIVIL
1024,FAMILIAR
1025,CIVIL
1026,FAMILIAR
1027,FAMILIAR
1028,PENAL
1029,PENAL
1030,PENAL
1031,FAMILIAR
1032,PENAL
1033,FAMILIAR
1034,CIVIL
1035,MERCANTIL
1036,FAMILIAR
1037,MIXTO
1038,MERCANTIL
1039,FAMILIAR
1040,CIVIL
1041,FAMILIAR
1042,FAMILIAR
1043,FAMILIAR
1044,FAMILIAR
1045,FAMILIAR
1046,CIVIL
1047,FAMILIAR
1048,FAMILIAR
1049,FAMILIAR
1050,FAMILIAR
1051,FAMILIAR
1052,FAMILIAR
1053,CIVIL
1054,MERCANTIL
1055,MERCANTIL
1056,MERCANTIL
1057,PENAL
1058,FAMILIAR
1059,CIVIL
1060,FAMILIAR
1061,FAMILIAR
1062,CIVIL
1063,FAMILIAR
1064,FAMILIAR
1065,FAMILIAR
1066,PENAL
1067,PENAL
1068,FAMILIAR
1069,CIVIL
1070,FAMILIAR
1071,FAMILIAR
1072,FAMILIAR
1073,FAMILIAR
1074,FAMILIAR
1075,FAMILIAR
1076,FAMILIAR
1077,FAMILIAR
1078,FAMILIAR
1079,FAMILIAR
1080,CIVIL
1081,CIVIL
1082,FAMILIAR
1083,FAMILIAR
1084,PENAL
1085,CIVIL
1086,FAMILIAR
1087,MIXTO
1088,FAMILIAR
1089,FAMILIAR
1090,FAMILIAR
1091,FAMILIAR
1092,FAMILIAR
1093,FAMILIAR
1094,FAMILIAR
1095,FAMILIAR
1096,CIVIL
1097,FAMILIAR
1098,MERCANTIL
1099,MERCANTIL
1100,MERCANTIL
1101,MERCANTIL
1102,FAMILIAR
1103,CIVIL
1104,FAMILIAR
1105,FAMILIAR
1106,FAMILIAR
1107,FAMILIAR
1108,FAMILIAR
1109,MIXTO
1110,CIVIL
1111,FAMILIAR
1112,FAMILIAR
1113,FAMILIAR
1114,FAMILIAR
1115,MERCANTIL
1116,CIVIL
1117,FAMILIAR
1118,FAMILIAR
1119,FAMILIAR
1120,FAMILIAR
1121,FAMILIAR
1122,CIVIL
1123,PENAL
1124,PENAL
1125,FAMILIAR
1126,CIVIL
1127,FAMILIAR
1128,FAMILIAR
1129,FAMILIAR
1130,FAMILIAR
1131,CIVIL
1132,MIXTO
1133,FAMILIAR
1134,MERCANTIL
1135,CIVIL
1136,FAMILIAR
1137,FAMILIAR
1138,CIVIL
1139,FAMILIAR
1140,CIVIL
1141,CIVIL
1142,FAMILIAR
1143,CIVIL
1144,PENAL
1145,FAMILIAR
1146,MERCANTIL
1147,MERCANTIL
1148,MERCANTIL
1149,MERCANTIL
1150,MERCANTIL
1151,FAMILIAR
1152,CIVIL
1153,CIVIL
1154,CIVIL
1155,CIVIL
1156,FAMILIAR
1157,FAMILIAR
1158,FAMILIAR
1159,CIVIL
1160,FAMILIAR
1161,MERCANTIL
1162,MERCANTIL
1163,CIVIL
1164,CIVIL
1165,FAMILIAR
1166,FAMILIAR
1167,FAMILIAR
1168,FAMILIAR
1169,CIVIL
1170,FAMILIAR
1171,FAMILIAR
1172,FAMILIAR
1173,CIVIL
1174,FAMILIAR
1175,FAMILIAR
1176,FAMILIAR
1177,FAMILIAR
1178,MIXTO
1179,CIVIL
1180,MERCANTIL
1181,FAMILIAR
1182,FAMILIAR
1183,FAMILIAR
1184,FAMILIAR
1185,CIVIL
1186,FAMILIAR
1187,FAMILIAR
1188,CIVIL
1189,FAMILIAR
1190,FAMILIAR
1191,FAMILIAR
1192,CIVIL
1193,FAMILIAR
1194,CIVIL
1195,CIVIL
1196,CIVIL
1197,FAMILIAR
1198,FAMILIAR
1199,FAMILIAR
1200,PENAL
1201,CIVIL
1202,FAMILIAR
1203,MERCANTIL
1204,MIXTO
1205,MERCANTIL
1206,FAMILIAR
1207,CIVIL
1208,CIVIL
1209,FAMILIAR
1210,FAMILIAR
1211,FAMILIAR
1212,CIVIL
1213,FAMILIAR
1214,FAMILIAR
1215,CIVIL
1216,MIXTO
1217,FAMILIAR
1218,CIVIL
1219,CIVIL
1220,CIVIL
1221,CIVIL
1222,CIVIL
1223,FAMILIAR
1224,CIVIL
1225,PENAL
1226,FAMILIAR
1227,CIVIL
1228,CIVIL
1229,FAMILIAR
1230,FAMILIAR
1231,FAMILIAR
1232,FAMILIAR
1233,FAMILIAR
1234,FAMILIAR
1235,CIVIL
1236,MERCANTIL
1237,FAMILIAR
1238,FAMILIAR
1239,FAMILIAR
1240,FAMILIAR
1241,FAMILIAR
1242,FAMILIAR
1243,FAMILIAR
1244,FAMILIAR
1245,FAMILIAR
1246,FAMILIAR
1247,FAMILIAR
1248,FAMILIAR
1249,FAMILIAR
1250,FAMILIAR
1251,FAMILIAR
1252,CIVIL
1253,FAMILIAR
1254,FAMILIAR
1255,FAMILIAR
1256,PENAL
1257,FAMILIAR
1258,FAMILIAR
1259,FAMILIAR
1260,CIVIL
1261,FAMILIAR
1262,FAMILIAR
1263,CIVIL
1264,FAMILIAR
1265,FAMILIAR
1266,CIVIL
1267,CIVIL
1268,CIVIL
1269,CIVIL
1270,CIVIL
1271,CIVIL
1272,CIVIL
1273,CIVIL
1274,FAMILIAR
1275,FAMILIAR
1276,CIVIL
1277,CIVIL
1278,MERCANTIL
1279,CIVIL
1280,CIVIL
1281,FAMILIAR
1282,CIVIL
1283,MERCANTIL
1284,MERCANTIL
1285,CIVIL
1286,FAMILIAR
1287,FAMILIAR
1288,FAMILIAR
1289,CIVIL
1290,CIVIL
1291,CIVIL
1292,FAMILIAR
1293,CIVIL
1294,FAMILIAR
1295,FAMILIAR
1296,FAMILIAR
1297,FAMILIAR
1298,CIVIL
1299,CIVIL
1300,PENAL
1301,FAMILIAR
1302,FAMILIAR
1303,CIVIL
1304,CIVIL
1305,MERCANTIL
1306,CIVIL
1307,FAMILIAR
1308,FAMILIAR
1309,FAMILIAR
1310,CIVIL
1311,CIVIL
1312,FAMILIAR
1313,FAMILIAR
1314,FAMILIAR
1315,FAMILIAR
1316,CIVIL
1317,FAMILIAR
1318,CIVIL
1319,FAMILIAR
1320,FAMILIAR
1321,FAMILIAR
1322,MERCANTIL
1323,MERCANTIL
1324,MERCANTIL
1325,FAMILIAR
1326,FAMILIAR
1327,FAMILIAR
1328,FAMILIAR
1329,MERCANTIL
1330,FAMILIAR
1331,MERCANTIL
1332,MERCANTIL
1333,MERCANTIL
1334,FAMILIAR
1335,FAMILIAR
1336,CIVIL
1337,LABORAL
1338,CIVIL
1339,FAMILIAR
1340,MERCANTIL
1341,CIVIL
1342,MERCANTIL
1343,MERCANTIL
1344,MERCANTIL
1345,MERCANTIL
1346,MERCANTIL
1347,CIVIL
1348,   FAMILIAR
1349,CIVIL
1350,FAMILIAR
1351,FAMILIAR
1352,CIVIL
1353,CIVIL
1354,PENAL
1355,CIVIL
1356,CIVIL
1357,FAMILIAR
1358,FAMILIAR
1359,FAMILIAR
1360,FAMILIAR
1361,FAMILIAR
1362,FAMILIAR
1363,FAMILIAR
1364,CIVIL
1365,CIVIL
1366,CIVIL
1367,CIVIL
1368,FAMILIAR
1369,CIVIL
1370,CIVIL
1371,CIVIL
1372,FAMILIAR
1373,PENAL
1374,FAMILIAR
1375,FAMILIAR
1376,FAMILIAR
1377,CIVIL
1378,CIVIL
1379,FAMILIAR
1380,FAMILIAR
1381,FAMILIAR
1382,FAMILIAR
1383,CIVIL
1384,FAMILIAR
1385,CIVIL
1386,PENAL
1387,MERCANTIL
1388,MERCANTIL
1389,MERCANTIL
1390,MERCANTIL
1391,MERCANTIL
1392,PENAL
1393,PENAL
1394,CIVIL
1395,FAMILIAR
1396,FAMILIAR
1397,FAMILIAR
1398,MIXTO
1399,FAMILIAR
1400,CIVIL
1401,MERCANTIL
1402,MERCANTIL
1403,FAMILIAR
1404,FAMILIAR
1405,FAMILIAR
1406,CIVIL
1407,FAMILIAR
1408,FAMILIAR
1409,MERCANTIL
1410,MERCANTIL
1411,MERCANTIL
1412,MERCANTIL
1413,MERCANTIL
1414,CIVIL
1415,CIVIL
1416,CIVIL
1417,FAMILIAR
1418,MERCANTIL
1419,CIVIL
1420,CIVIL
1421,CIVIL
1422,CIVIL
1423,FAMILIAR
1424,CIVIL
1425,FAMILIAR
1426,CIVIL
1427,FAMILIAR
1428,FAMILIAR
1429,FAMILIAR
1430,FAMILIAR
1431,FAMILIAR
1432,FAMILIAR
1433,FAMILIAR
1434,FAMILIAR
1435,FAMILIAR
1436,FAMILIAR
1437,FAMILIAR
1438,FAMILIAR
1439,CIVIL
1440,FAMILIAR
1441,FAMILIAR
1442,FAMILIAR
1443,FAMILIAR
1444,FAMILIAR
1445,FAMILIAR
1446,MIXTO
1447,CIVIL
1448,CIVIL
1449,FAMILIAR
1450,FAMILIAR
1451,FAMILIAR
1452,FAMILIAR
1453,MERCANTIL
1454,MERCANTIL
1455,MERCANTIL
1456,CIVIL
1457,FAMILIAR
1458,FAMILIAR
1459,FAMILIAR
1460,CIVIL
1461,CIVIL
1462,FAMILIAR
1463,CIVIL
1464,CIVIL
1465,CIVIL
1466,FAMILIAR
1467,FAMILIAR
1468,FAMILIAR
1469,CIVIL
1470,PENAL
1471,MERCANTIL
1472,FAMILIAR
1473,FAMILIAR
1474,FAMILIAR
1475,FAMILIAR
1476,CIVIL
1477,FAMILIAR
1478,FAMILIAR
1479,CIVIL
1480,MIXTO
1481,CIVIL
1482,MERCANTIL
1483,MERCANTIL
1484,MERCANTIL
1485,MERCANTIL
1486,MERCANTIL
1487,MERCANTIL
1488,MERCANTIL
1489,MERCANTIL
1490,MERCANTIL
1491,MERCANTIL
1492,MERCANTIL
1493,MERCANTIL
1494,MERCANTIL
1495,MERCANTIL
1496,MERCANTIL
1497,FAMILIAR
1498,FAMILIAR
1499,FAMILIAR
1500,FAMILIAR
1501,PENAL
1502,CIVIL
1503,PENAL
1504,FAMILIAR
1505,FAMILIAR
1506,FAMILIAR
1507,FAMILIAR
1508,CIVIL
1509,MERCANTIL
1510,CIVIL
1511,FAMILIAR
1512,CIVIL
1513,CIVIL
1514,FAMILIAR
1515,CIVIL
1516,FAMILIAR
1517,FAMILIAR
1518,FAMILIAR
1519,CIVIL
1520,FAMILIAR
1521,FAMILIAR
1522,FAMILIAR
1523,FAMILIAR
1524,FAMILIAR
1525,FAMILIAR
1526,CIVIL
1527,FAMILIAR
1528,CIVIL
1529,MERCANTIL
1530,MERCANTIL
1531,FAMILIAR
1532,FAMILIAR
1533,CIVIL
1534,FAMILIAR
1535,FAMILIAR
1536,CIVIL
1537,CIVIL
1538,FAMILIAR
1539,CIVIL
1540,FAMILIAR
1541,CIVIL
1542,PENAL
1543,CIVIL
1544,CIVIL
1545,FAMILIAR
1546,CIVIL
1547,FAMILIAR
1548,FAMILIAR
1549,FAMILIAR
1550,FAMILIAR
1551,FAMILIAR
1552,FAMILIAR
1553,CIVIL
1554,FAMILIAR
1555,FAMILIAR
1556,PENAL
1557,FAMILIAR
1558,CIVIL
1559,CIVIL
1560,FAMILIAR
1561,CIVIL
1562,CIVIL
1563,CIVIL
1564,CIVIL
1565,MERCANTIL
1566,FAMILIAR
1567,FAMILIAR
1568,MERCANTIL
1569,FAMILIAR
1570,CIVIL
1571,FAMILIAR
1572,FAMILIAR
1573,FAMILIAR
1574,FAMILIAR
1575,FAMILIAR
1576,FAMILIAR
1577,FAMILIAR
1578,FAMILIAR
1579,FAMILIAR
1580,FAMILIAR
1581,FAMILIAR
1582,PENAL
1583,PENAL
1584,FAMILIAR
1585,FAMILIAR
1586,FAMILIAR
1587,FAMILIAR
1588,CIVIL
1589,FAMILIAR
1590,FAMILIAR
1591,PENAL
1592,PENAL
1593,CIVIL
1594,CIVIL
1595,CIVIL
1596,FAMILIAR
1597,CIVIL
1598,CIVIL
1599,FAMILIAR
1600,FAMILIAR
1601,FAMILIAR
1602,FAMILIAR
1603,CIVIL
1604,CIVIL
1605,CIVIL
1606,CIVIL
1607,FAMILIAR
1608,CIVIL
1609,CIVIL
1610,CIVIL
1611,FAMILIAR
1612,CIVIL
1613,MERCANTIL
1614,MERCANTIL
1615,FAMILIAR
1616,FAMILIAR
1617,FAMILIAR
1618,FAMILIAR
1619,CIVIL
1620,FAMILIAR
1621,MERCANTIL
1622,CIVIL
1623,FAMILIAR
1624,FAMILIAR
1625,FAMILIAR
1626,MERCANTIL
1627,FAMILIAR
1628,MERCANTIL
1629,CIVIL
1630,FAMILIAR
1631,CIVIL
1632,FAMILIAR
1633,CIVIL
1634,CIVIL
1635,FAMILIAR
1636,CIVIL
1637,FAMILIAR
1638,FAMILIAR
1639,FAMILIAR
1640,CIVIL
1641,CIVIL
1642,FAMILIAR
1643,FAMILIAR
1644,FAMILIAR
1645,FAMILIAR
1646,FAMILIAR
1647,FAMILIAR
1648,CIVIL
1649,FAMILIAR
1650,CIVIL
1651,FAMILIAR
1652,CIVIL
1653,CIVIL
1654,FAMILIAR
1655,FAMILIAR
1656,CIVIL
1657,PENAL
1658,CIVIL
1659,FAMILIAR
1660,FAMILIAR
1661,CIVIL
1662,FAMILIAR
1663,FAMILIAR
1664,FAMILIAR
1665,CIVIL
1666,FAMILIAR
1667,MERCANTIL
1668,FAMILIAR
1669,FAMILIAR
1670,FAMILIAR
1671,FAMILIAR
1672,FAMILIAR
1673,FAMILIAR
1674,FAMILIAR
1675,FAMILIAR
1676,FAMILIAR
1677,FAMILIAR
1678,FAMILIAR
1679,FAMILIAR
1680,FAMILIAR
1681,FAMILIAR
1682,CIVIL
1683,FAMILIAR
1684,CIVIL
1685,FAMILIAR
1686,CIVIL
1687,MERCANTIL
1688,FAMILIAR
1689,FAMILIAR
1690,CIVIL
1691,FAMILIAR
1692,FAMILIAR
1693,FAMILIAR
1694,FAMILIAR
1695,CIVIL
1696,FAMILIAR
1697,FAMILIAR
1698,FAMILIAR
1699,FAMILIAR
1700,MERCANTIL
1701,MERCANTIL
1702,FAMILIAR
1703,CIVIL
1704,FAMILIAR
1705,FAMILIAR
1706,MERCANTIL
1707,MERCANTIL
1708,CIVIL
1709,FAMILIAR
1710,CIVIL
1711,FAMILIAR
1712,FAMILIAR
1713,CIVIL
1714,FAMILIAR
1715,CIVIL
1716,CIVIL
1717,FAMILIAR
1718,PENAL
1719,FAMILIAR
1720,CIVIL
1721,FAMILIAR
1722,MERCANTIL
1723,MERCANTIL
1724,MERCANTIL
1725,FAMILIAR
1726,FAMILIAR
1727,CIVIL
1728,CIVIL
1729,MERCANTIL
1730,FAMILIAR
1731,CIVIL
1732,CIVIL
1733,CIVIL
1734,CIVIL
1735,CIVIL
1736,CIVIL
1737,FAMILIAR
1738,FAMILIAR
1739,FAMILIAR
1740,MERCANTIL
1741,MERCANTIL
1742,MERCANTIL
1743,MERCANTIL
1744,MERCANTIL
1745,MERCANTIL
1746,CIVIL
1747,FAMILIAR
1748,FAMILIAR
1749,FAMILIAR
1750,FAMILIAR
1751,FAMILIAR
1752,FAMILIAR
1753,FAMILIAR
1754,FAMILIAR
1755,FAMILIAR
1756,FAMILIAR
1757,CIVIL
1758,FAMILIAR
1759,CIVIL
1760,CIVIL
1761,FAMILIAR
1762,FAMILIAR
1763,FAMILIAR
1764,MERCANTIL
1765,MERCANTIL
1766,MERCANTIL
1767,MERCANTIL
1768,MERCANTIL
1769,CIVIL
1770,FAMILIAR
1771,CIVIL
1772,FAMILIAR
1773,CIVIL
1774,MERCANTIL
1775,FAMILIAR
1776,FAMILIAR
1777,FAMILIAR
1778,FAMILIAR
1779,FAMILIAR
1780,FAMILIAR
1781,FAMILIAR
1782,CIVIL
1783,FAMILIAR
1784,CIVIL
1785,FAMILIAR
1786,FAMILIAR
1787,CIVIL
1788,FAMILIAR
1789,FAMILIAR
1790,CIVIL
1791,FAMILIAR
1792,MIXTO
1793,FAMILIAR
1794,FAMILIAR
1795,FAMILIAR
1796,CIVIL
1797,FAMILIAR
1798,FAMILIAR
1799,MERCANTIL
1800,MERCANTIL
1801,MERCANTIL
1802,MERCANTIL
1803,MERCANTIL
1804,MERCANTIL
1805,MERCANTIL
1806,MERCANTIL
1807,FAMILIAR
1808,CIVIL
1809,CIVIL
1810,FAMILIAR
1811,CIVIL
1812,CIVIL
1813,FAMILIAR
1814,CIVIL
1815,MERCANTIL
1816,MERCANTIL
1817,FAMILIAR
1818,CIVIL
1819,CIVIL
1820,CIVIL
1821,FAMILIAR
1822,CIVIL
1823,CIVIL
1824,FAMILIAR
1825,FAMILIAR
1826,CIVIL
1827,MERCANTIL
1828,FAMILIAR
1829,MERCANTIL
1830,FAMILIAR
1831,CIVIL
1832,CIVIL
1833,CIVIL
1834,FAMILIAR
1835,CIVIL
1836,FAMILIAR
1837,FAMILIAR
1838,FAMILIAR
1839,PENAL
1840,FAMILIAR
1841,CIVIL
1842,FAMILIAR
1843,CIVIL
1844,FAMILIAR
1845,FAMILIAR
1846,FAMILIAR
1847,FAMILIAR
1848,CIVIL
1849,CIVIL
1850,CIVIL
1851,FAMILIAR
1852,FAMILIAR
1853,FAMILIAR
1854,FAMILIAR
1855,CIVIL
1856,MERCANTIL
1857,MERCANTIL
1858,MERCANTIL
1859,FAMILIAR
1860,FAMILIAR
1861,PENAL
1862,FAMILIAR
1863,FAMILIAR
1864,MERCANTIL
1865,FAMILIAR
1866,FAMILIAR
1867,FAMILIAR
1868,FAMILIAR
1869,CIVIL
1870,CIVIL
1871,MERCANTIL
1872,MERCANTIL
1873,MERCANTIL
1874,MERCANTIL
1875,MERCANTIL
1876,MERCANTIL
1877,MERCANTIL
1878,FAMILIAR
1879,FAMILIAR
1880,FAMILIAR
1881,FAMILIAR
1882,FAMILIAR
1883,CIVIL
1884,FAMILIAR
1885,FAMILIAR
1886,CIVIL
1887,PENAL
1888,FAMILIAR
1889,MERCANTIL
1890,FAMILIAR
1891,MERCANTIL
1892,MERCANTIL
1893,MERCANTIL
1894,MERCANTIL
1895,FAMILIAR
1896,MERCANTIL
1897,FAMILIAR
1898,FAMILIAR
1899,CIVIL
1900,FAMILIAR
1901,CIVIL
1902,FAMILIAR
1903,FAMILIAR
1904,CIVIL
1905,FAMILIAR
1906,FAMILIAR
1907,CIVIL
1908,FAMILIAR
1909,FAMILIAR
1910,CIVIL
1911,FAMILIAR
1912,FAMILIAR
1913,PENAL
1914,FAMILIAR
1915,MERCANTIL
1916,FAMILIAR
1917,FAMILIAR
1918,FAMILIAR
1919,MERCANTIL
1920,MERCANTIL
1921,FAMILIAR
1922,MERCANTIL
1923,MERCANTIL
1924,FAMILIAR
1925,MERCANTIL
1926,CIVIL
1927,FAMILIAR
1928,FAMILIAR
1929,FAMILIAR
1930,PENAL
1931,PENAL
1932,PENAL
1933,FAMILIAR
1934,CIVIL
1935,CIVIL
1936,FAMILIAR
1937,FAMILIAR
1938,FAMILIAR
1939,FAMILIAR
1940,FAMILIAR
1941,CIVIL
1942,FAMILIAR
1943,CIVIL
1944,CIVIL
1945,MERCANTIL
1946,FAMILIAR
1947,FAMILIAR
1948,MERCANTIL
1949,MERCANTIL
1950,MERCANTIL
1951,MERCANTIL
1952,MERCANTIL
1953,FAMILIAR
1954,MERCANTIL
1955,MERCANTIL
1956,MIXTO
1957,MERCANTIL
1958,FAMILIAR
1959,FAMILIAR
1960,FAMILIAR
1961,FAMILIAR
1962,FAMILIAR
1963,FAMILIAR
1964,FAMILIAR
1965,FAMILIAR
1966,FAMILIAR
1967,CIVIL
1968,FAMILIAR
1969,PENAL
1970,MERCANTIL
1971,FAMILIAR
1972,MERCANTIL
1973,CIVIL
1974,FAMILIAR
1975,FAMILIAR
1976,MIXTO
1977,MIXTO
1978,MERCANTIL
1979,CIVIL
1980,FAMILIAR
1981,CIVIL
1982,FAMILIAR
1983,FAMILIAR
1984,PENAL
1985,CIVIL
1986,CIVIL
1987,FAMILIAR
1988,FAMILIAR
1989,FAMILIAR
1990,FAMILIAR
1991,CIVIL
1992,PENAL
1993,MERCANTIL
1994,FAMILIAR
1995,CIVIL
1996,MERCANTIL
1997,CIVIL
1998,CIVIL
1999,CIVIL
2000,FAMILIAR
2001,FAMILIAR
2002,
2003,FAMILIAR
2004,FAMILIAR
2005,
2006,CIVIL
2007,FAMILIAR
2008,FAMILIAR
2009,CIVIL
2010,FAMILIAR
2011,MERCANTIL
2012,PENAL
2013,FAMILIAR
2014,FAMILIAR
2015,MERCANTIL
2016,CIVIL
2017,MERCANTIL
2018,FAMILIAR
2019,FAMILIAR
2020,CIVIL
2021,CIVIL
2022,CIVIL
2023,CIVIL
2024,FAMILIAR
2025,CIVIL
2026,CIVIL
2027,FAMILIAR
2028,CIVIL
2029,FAMILIAR
2030,CIVIL
2031,MERCANTIL
2032,MERCANTIL
2033,MERCANTIL
2034,MERCANTIL
2035,
2036,FAMILIAR
2037,FAMILIAR
2038,CIVIL
2039,CIVIL
2040,CIVIL
2041,CIVIL
2042,CIVIL
2043,FAMILIAR
2044,FAMILIAR
2045,FAMILIAR
2046,CIVIL
2047,FAMILIAR
2048,FAMILIAR
2049,MIXTO
2050,CIVIL
2051,FAMILIAR
2052,FAMILIAR
2053,PENAL
2054,FAMILIAR
2055,MIXTO
2056,CIVIL
2057,FAMILIAR
2058,FAMILIAR
2059,FAMILIAR
2060,MERCANTIL
2061,PENAL
2062,PENAL
2063,MERCANTIL
2064,MERCANTIL
2065,FAMILIAR
2066,MIXTO
2067,FAMILIAR
2068,CIVIL
2069,FAMILIAR
2070,FAMILIAR
2071,CIVIL
2072,FAMILIAR
2072,CIVIL
2072,FAMILIAR
2073,
2074,
2075,FAMILIAR
2076,FAMILIAR
2077,FAMILIAR
2078,MERCANTIL
2079,FAMILIAR
2080,CIVIL
2081,FAMILIAR
